<?xml version="1.0" encoding="UTF-8"?>
<project-private xmlns="http://www.netbeans.org/ns/project-private/1">
    <editor-bookmarks xmlns="http://www.netbeans.org/ns/editor-bookmarks/2" lastBookmarkId="0"/>
    <open-files xmlns="http://www.netbeans.org/ns/projectui-open-files/2">
        <group>
            <file>file:/C:/Users/babu/Documents/NetBeansProjects/Employee-Payroll-Management-System-master/src/employee_payroll/Emp.java</file>
            <file>file:/C:/Users/babu/Documents/NetBeansProjects/Employee-Payroll-Management-System-master/src/DAO/DatabaseHelper.java</file>
            <file>file:/C:/Users/babu/Documents/NetBeansProjects/Employee-Payroll-Management-System-master/src/employee_payroll/Allowance.java</file>
            <file>file:/C:/Users/babu/Documents/NetBeansProjects/Employee-Payroll-Management-System-master/src/employee_payroll/Login.java</file>
            <file>file:/C:/Users/babu/Documents/NetBeansProjects/Employee-Payroll-Management-System-master/src/employee_payroll/UpdateSalary.java</file>
            <file>file:/C:/Users/babu/Documents/NetBeansProjects/Employee-Payroll-Management-System-master/src/employee_payroll/SearchEmpSalary.java</file>
            <file>file:/C:/Users/babu/Documents/NetBeansProjects/Employee-Payroll-Management-System-master/src/employee_payroll/Deduction.java</file>
            <file>file:/C:/Users/babu/Documents/NetBeansProjects/Employee-Payroll-Management-System-master/src/employee_payroll/MainMenu.java</file>
            <file>file:/C:/Users/babu/Documents/NetBeansProjects/Employee-Payroll-Management-System-master/src/employee_payroll/addEmployee.java</file>
            <file>file:/C:/Users/babu/Documents/NetBeansProjects/Employee-Payroll-Management-System-master/src/employee_payroll/Audit.java</file>
        </group>
    </open-files>
</project-private>
